"Thresholds"	"Centrifuge"	"Kraken.2...Bracken.2"	"MetaPhlAn.2"	"MetaPhlAn.3"	"MetaPhlAn.4"	"Metaxa.2"	"mOTUs.3"	"GTDB.Tk.MEGAHIT"	"GTDB.Tk.metaSPAdes"	"PhyloPhlAn.MEGAHIT"	"PhyloPhlAn.metaSPAdes"
"0"	0.0143080300078299	0.0445535362004185	0.502794183225833	0.643777819531791	0.766554450105561	0.27706576574614	0.611857416109096	0.184493440553807	0.117562077803051	0.192049390436705	0.130343448298392
"1e-05"	0.0153456304009768	0.0445535522949051	0.502794183225833	0.643777819531791	0.766554450105561	0.27706576574614	0.611857416109096	0.184493440553807	0.117562077803051	0.192049390436705	0.130343448298392
"1e-04"	0.018007991144756	0.0456184329241537	0.502794183225833	0.643787237205625	0.766615488055086	0.27706576574614	0.611857416109096	0.184493440553807	0.117562077803051	0.192049390436705	0.130343448298392
"0.001"	0.0408859698564833	0.100796608955911	0.501882270030026	0.644374965272972	0.767505361055121	0.27706576574614	0.611857416109096	0.184493440553807	0.117562077803051	0.192049390436705	0.130343448298392
"0.01"	0.239443698895193	0.274320260082588	0.498227305659445	0.648378082079432	0.764719063720324	0.279178117740112	0.612493936589621	0.184493440553807	0.117562077803051	0.192049390436705	0.130343448298392
"0.05"	0.436954060870882	0.433419416130367	0.490548506467036	0.644840727093864	0.751944619218851	0.300141475652046	0.614898708828432	0.184493440553807	0.117562077803051	0.192049390436705	0.130343448298392
"0.1"	0.467109365508187	0.467938564676939	0.480382271519245	0.633115508042567	0.731981985002255	0.304198822989493	0.611803889406068	0.184493440553807	0.117562077803051	0.192049390436705	0.130343448298392
"1"	0.251719809189204	0.277496097205331	0.307881563437137	0.372342236130432	0.372954236264245	0.182805429195119	0.37910545918918	0.176669243159613	0.117367384188576	0.182276115076935	0.130194083392339
